learning_rate,n_steps,batch_size,gamma,gae_lambda,clip_range,ent_coef,epsilon,mean_reward,training_time,standard deviation
0.1,512,128,0.9,0.95,0.1,0.1,1e-05,128.04743490219116,372.45606303215027,59.48769844741854
0.1,512,128,0.9,0.95,0.1,0.01,1e-05,75.07547812461853,426.7737157344818,24.827561283143016
0.1,512,128,0.9,0.95,0.1,0.001,1e-05,76.8287070274353,425.1446273326874,12.62184691556932
0.1,512,128,0.9,0.95,0.3,0.1,1e-05,154.0681035041809,415.0330390930176,95.96578351821377
0.1,512,128,0.9,0.95,0.3,0.01,1e-05,72.11188306808472,420.6050305366516,13.373417160831401
0.1,512,128,0.9,0.95,0.3,0.001,1e-05,71.24031801223755,422.9702045917511,6.882203642837538
learning_rate,n_steps,batch_size,gamma,gae_lambda,clip_range,ent_coef,epsilon,mean_reward,training_time,standard deviation
